{"cameraMode":{"drawMode":0,"name":"Shaded","section":"Shading Mode"},"sceneLighting":true,"audioPlay":false,"sceneViewState":{"showFog":true,"showMaterialUpdate":true,"showSkybox":true,"showFlares":true,"showImageEffects":true,"showParticleSystems":true},"in2DMode":false,"pivot":{"x":-3.2992873191833498,"y":-4.612464427947998,"z":19.560379028320314},"rotation":{"x":0.04948969930410385,"y":-0.022038953378796579,"z":0.0005053124041296542,"w":0.9987350702285767},"size":81.0561294555664,"orthographic":false}