{"cameraMode":{"drawMode":0,"name":"Shaded","section":"Shading Mode"},"sceneLighting":true,"audioPlay":false,"sceneViewState":{"showFog":true,"showMaterialUpdate":true,"showSkybox":true,"showFlares":true,"showImageEffects":true,"showParticleSystems":true},"in2DMode":false,"pivot":{"x":-5.116000175476074,"y":1.8569999933242798,"z":-0.23900000751018525},"rotation":{"x":0.15981008112430573,"y":0.2676030993461609,"z":-0.0450526587665081,"w":0.9491313099861145},"size":8.856182098388672,"orthographic":false}