{"cameraMode":{"drawMode":0,"name":"Shaded","section":"Shading Mode"},"sceneLighting":true,"audioPlay":false,"sceneViewState":{"showFog":true,"showMaterialUpdate":true,"showSkybox":true,"showFlares":true,"showImageEffects":true,"showParticleSystems":true},"in2DMode":false,"pivot":{"x":8.706842422485352,"y":9.951604843139649,"z":-30.31113052368164},"rotation":{"x":0.13418246805667878,"y":-0.7264697551727295,"z":0.14824794232845307,"w":0.657500147819519},"size":7.484696865081787,"orthographic":false}